,id,id,id,id,id,id,id,id,id,id,id,id,Sequence,Sequence,Sequence,Sequence,Sequence,Sequence,Sequence,Sequence,Sequence,Sequence,Sequence,Sequence,Unnamed: 3,Unnamed: 3,Unnamed: 3,Unnamed: 3,Unnamed: 3,Unnamed: 3,Unnamed: 3,Unnamed: 3,Unnamed: 3,Unnamed: 3,Unnamed: 3,Unnamed: 3,Unnamed: 4,Unnamed: 4,Unnamed: 4,Unnamed: 4,Unnamed: 4,Unnamed: 4,Unnamed: 4,Unnamed: 4,Unnamed: 4,Unnamed: 4,Unnamed: 4,Unnamed: 4,Unnamed: 5,Unnamed: 5,Unnamed: 5,Unnamed: 5,Unnamed: 5,Unnamed: 5,Unnamed: 5,Unnamed: 5,Unnamed: 5,Unnamed: 5,Unnamed: 5,Unnamed: 5,Unnamed: 6,Unnamed: 6,Unnamed: 6,Unnamed: 6,Unnamed: 6,Unnamed: 6,Unnamed: 6,Unnamed: 6,Unnamed: 6,Unnamed: 6,Unnamed: 6,Unnamed: 6,Unnamed: 7,Unnamed: 7,Unnamed: 7,Unnamed: 7,Unnamed: 7,Unnamed: 7,Unnamed: 7,Unnamed: 7,Unnamed: 7,Unnamed: 7,Unnamed: 7,Unnamed: 7,Unnamed: 8,Unnamed: 8,Unnamed: 8,Unnamed: 8,Unnamed: 8,Unnamed: 8,Unnamed: 8,Unnamed: 8,Unnamed: 8,Unnamed: 8,Unnamed: 8,Unnamed: 8
,1,2,3,4,5,6,7,8,9,10,11,12,1,2,3,4,5,6,7,8,9,10,11,12,1,2,3,4,5,6,7,8,9,10,11,12,1,2,3,4,5,6,7,8,9,10,11,12,1,2,3,4,5,6,7,8,9,10,11,12,1,2,3,4,5,6,7,8,9,10,11,12,1,2,3,4,5,6,7,8,9,10,11,12,1,2,3,4,5,6,7,8,9,10,11,12
A,1,2,3,4,5,6,7,8,9,10,11,12,CACAGCAGCGGCCATATTGAAGGCCGTCATATGACCTCCCGTGATGGCTATCAGTGGACGCCGGAAACCGGCCTTA,TCTTTATCGGTATCCTCGATATTGGTCGGAGGGCTAATCACTCCCAGGCTCGGCACACCCTGGGTAAGGCCGGTTTCCG,TCGAGGATACCGATAAAGATGGCCCGTGGGATGTGATTGTGATTGGCGGCGGCTATTGCGGCTTAACCGCCACGC,CGCCGATACGATCACGCGCTTCCAGCAGCAGGGTTTTAAAGCCCGCCACCGTCAGATCGCGCGTGGCGGTTAAGC,CGTGATCGTATCGGCGGTCGCTCGTGGTCTAGCAATATCGACGGCTATCCGTATGAAATGGGCGGCACTTGGGTTC,CTCAGTGCATTGTGCATTTTATAGCGGGTAATTTCGCGCCACACGTGGCTCTGATGCCAATGAACCCAAGTGCCGC,TATAAAATGCACAATGCACTGAGCCCGAGCTTCAATTTTAGCCGTGGCGTGAACCATTTTCAGCTGCGCACC,GCCGAACGTAATAATTCGTCTTCCGCTTCGTGGGTCATATAGGTGCTGGTGGTCGGATTGGTGCGCAGCTGAAAAT,GACGAATTATTACGTTCGGCGCTGCATAAATTTACCAACGTGGATGGCACCAATGGTCGTACCGTTCTGCCG,GCTGTAGCTCATTTCGTCATATTTGCGAAATTCCGGCACATAAAACATATCATGCGGAAACGGCAGAACGGTACG,ATGACGAAATGAGCTACAGCGAACGTATTGATCAGATCCGTGATGAACTGTCTCTGAACGAGCGCAGCT,TCGCCGAAACTACTATTTTCCAGGGTACCGCCCGAGCACAGCAGAATAAAGGCTTCCAGAGAGCTGCGCTCGTTCA,,,,,,,,,,,,,,,,,,,,,,,,,,,,,,,,,,,,,,,,,,,,,,,,,,,,,,,,,,,,,,,,,,,,,,,,
B,13,14,15,16,17,18,19,20,21,22,23,24,GAAAATAGTAGTTTCGGCGAATTTCTGCATTGGTGGGCCATGAGCGGCTATACCTATCAGGGCTGTATGGATTGC,TCTTCCCAAAAGCGGCGCGCAAACGCGCTCTGACCATCTTTAAATTTATAGCTCATCAGGCAATCCATACAGCCCT,GCCGCTTTTGGGAAGAAGCCGCAGGCACCGGCCGTCTGGGCTATGTGTTTGGTTGCCCGGTCCGCTCGGTTGTGA,ACACGTTTTGCAACAAACTCGCGACCATCCCGCGCTGTAACACGCGCCGCATCACGTTCATTCACAACCGAGCGGA,GAGTTTGTTGCAAAACGTGTAGTGTGTACCATTCCGCTGAATGTGCTGAGCACTATTCAGTTTTCTCCTGCGTTA,CATGCACTTTGGTGCACATGCTCACATGACCGGCCTGCATCGCGCTGATGCGTTCCGTGCTTAACGCAGGAGAAAACTGA,ATGTGCACCAAAGTGCATGCGGAAGTGGATAATAAAGATATGCGCAGCTGGACCGGTATCGCGTATCCATTTAATAAAC,CACAAGATGAGTGTTGCCAGCCGGGGTCGTACCATCGCCAATGGCATAGCACAGTTTATTAAATGGATACGCGATAC,TGGCAACACTCATCTTGTGTGCTTTGGCAATTCGGCCAATCATATTCAGCCGGATGAAGATGTGCGCGAAACCCTG,AATTATGGAACACCAGACGTTTAACGCCAAAGGTGCCTGGCGCCAGTTGACCCACCGCTTTCAGGGTTTCGCGCAC,CGTCTGGTGTTCCATAATTGGGTGAAAGATGAATTTGCGAAAGGTGCCTGGTTCTTTAGTCGCCCGGGTATGGTG,AATCCGAGTTCGCAAACACCACGCCACCATGCTTTTCACGCAGGCCCTGCAGGCATTCCGACACCATACCCGGGC,,,,,,,,,,,,,,,,,,,,,,,,,,,,,,,,,,,,,,,,,,,,,,,,,,,,,,,,,,,,,,,,,,,,,,,,
C,25,26,27,28,5-primer,,,,,,,,GTTTGCGAACTCGGATTGGGCGCTGGGTTGGCGCAGCTTTATCGATGGCGCGATTGAAGAAGGCACTCGCGCTG,TTTGGATCCTTATAAGCGCGCTTTCACTTCGCGTTTGGTGCCCAATTCCTCCAGCACAACGCGGGCAGCGCGAGTGCCTT,GCGCTTATAAGGATCCAAACTCGAGTAAGG,CCTTACTCGAGTTTGGATCC,,,,,,,,,,,,,,,,,,,,,,,,,,,,,,,,,,,,,,,,,,,,,,,,,,,,,,,,,,,,,,,,,,,,,,,,,,,,,,,,
D,,,,,,,,,,,,,,,,,,,,,,,,,,,,,,,,,,,,,,,,,,,,,,,,,,,,,,,,,,,,,,,,,,,,,,,,,,,,,,,,,,,,,,,,,,,,,,,,
E,,,,,,,,,,,,,,,,,,,,,,,,,,,,,,,,,,,,,,,,,,,,,,,,,,,,,,,,,,,,,,,,,,,,,,,,,,,,,,,,,,,,,,,,,,,,,,,,
F,,,,,,,,,,,,,,,,,,,,,,,,,,,,,,,,,,,,,,,,,,,,,,,,,,,,,,,,,,,,,,,,,,,,,,,,,,,,,,,,,,,,,,,,,,,,,,,,
G,,,,,,,,,,,,,,,,,,,,,,,,,,,,,,,,,,,,,,,,,,,,,,,,,,,,,,,,,,,,,,,,,,,,,,,,,,,,,,,,,,,,,,,,,,,,,,,,
H,,,,,,,,,,,,,,,,,,,,,,,,,,,,,,,,,,,,,,,,,,,,,,,,,,,,,,,,,,,,,,,,,,,,,,,,,,,,,,,,,,,,,,,,,,,,,,,,
